{
    "counter": {
        "ACTIVE": 1379,
        "INACTIVE": 77,
        "INVALID": 0,
        "MALICIOUS": 0,
        "SANE": 0,
        "VALID": 0,
        "total": 1456
    },
    "percentage": {
        "ACTIVE": 95.10344827586206,
        "INACTIVE": 5.288461538461538,
        "INVALID": 0,
        "MALICIOUS": 0,
        "SANE": 0,
        "VALID": 0,
        "total": 100.3919098143236
    }
}